{
  "results": [
    {
      "command": "go-bench",
      "mean": 126.05887693352001,
      "stddev": 0.15311440227053477,
      "median": 126.00679347552,
      "user": 147.20228573999998,
      "system": 8.157372619999999,
      "min": 125.93859878952,
      "max": 126.23123853551999,
      "times": [
        125.93859878952,
        126.23123853551999,
        126.00679347552
      ],
      "exit_codes": [
        0,
        0,
        0
      ]
    }
  ]
}
